insert into Movie(id, title, director)  values(1, 'Gone with the Wind', null);
insert into Movie(id, title, director)  values(2, 'Star Wars', 'George Lucas');
insert into Movie(id, title, director)  values(3, 'The Sound of Music', 'George Lucas');
insert into Movie(id, title, director)  values(4, 'E.T.', 'Steven Spielberg');
insert into Movie(id, title, director)  values(5, 'Titanic', 'James Cameron');
insert into Movie(id, title, director)  values(6, 'Snow White', null);
insert into Movie(id, title, director)  values(7, 'Avatar', 'James Cameron');
insert into Movie(id, title, director)  values(8, 'Raiders of the Lost Ark', 'Steven Spielberg');

insert into User(id, name) values(11, 'Sarah Martinez');
insert into User(id, name) values(12, 'Daniel Lewis');
insert into User(id, name) values(13, 'Brittany Harris');
insert into User(id, name) values(14, 'Mike Anderson');
insert into User(id, name) values(15, 'Chris Jackson');
insert into User(id, name) values(16, 'Elizabeth Thomas');
insert into User(id, name) values(17, 'James Cameron');
insert into User(id, name) values(18, 'Ashley White');

insert into Rating(id, user_id, movie_id, rating, rating_date) values(21, 11, 1, 2, '2016-02-29');
insert into Rating(id, user_id, movie_id, rating, rating_date) values(22, 11, 1, 4, '2016-03-01');
insert into Rating(id, user_id, movie_id, rating, rating_date) values(23, 12, 6, 4, null);
insert into Rating(id, user_id, movie_id, rating, rating_date) values(24, 13, 3, 2, '2016-02-26');
insert into Rating(id, user_id, movie_id, rating, rating_date) values(25, 13, 8, 4, '2016-02-25');
insert into Rating(id, user_id, movie_id, rating, rating_date) values(26, 13, 8, 2, '2016-02-24');
insert into Rating(id, user_id, movie_id, rating, rating_date) values(27, 14, 1, 3, '2016-02-13');
insert into Rating(id, user_id, movie_id, rating, rating_date) values(28, 15, 3, 3, '2016-02-22');
insert into Rating(id, user_id, movie_id, rating, rating_date) values(29, 15, 4, 2, '2016-02-11');
insert into Rating(id, user_id, movie_id, rating, rating_date) values(30, 15, 8, 4, null);
insert into Rating(id, user_id, movie_id, rating, rating_date) values(31, 16, 7, 3, '2016-02-19');
insert into Rating(id, user_id, movie_id, rating, rating_date) values(32, 16, 6, 5, '2016-02-22');
insert into Rating(id, user_id, movie_id, rating, rating_date) values(33, 18, 4, 3, '2016-02-22');